subject,city,ridership,daytype,date,route
https://data.cityofchicago.org/resource/jyb9-n7fm/row-q4g8.acdy~5g7i,Chicago,1287,W,2001-01-04,68
https://data.cityofchicago.org/resource/jyb9-n7fm/row-rcee~k34k.t5bz,Chicago,3035,W,2001-01-02,157
https://data.cityofchicago.org/resource/jyb9-n7fm/row-5q98-2us3.c8zz,Chicago,1039,W,2001-01-03,122
https://data.cityofchicago.org/resource/jyb9-n7fm/row-sbin.qexg~4pgi,Chicago,311,U,2001-01-01,43
https://data.cityofchicago.org/resource/jyb9-n7fm/row-if39.5dp8~dacn,Chicago,11313,W,2001-01-04,67
https://data.cityofchicago.org/resource/jyb9-n7fm/row-zety~4gwc.5jv3,Chicago,9138,W,2001-01-04,156
https://data.cityofchicago.org/resource/jyb9-n7fm/row-vyau~4x7n_87sv,Chicago,14915,W,2001-01-02,8
https://data.cityofchicago.org/resource/jyb9-n7fm/row-mbxd.xc3a~yd2f,Chicago,274,W,2001-01-02,64
https://data.cityofchicago.org/resource/jyb9-n7fm/row-75m2.qmpf_xncb,Chicago,2743,W,2001-01-03,8A
https://data.cityofchicago.org/resource/jyb9-n7fm/row-cj8f.n5xi_5rpi,Chicago,17872,W,2001-01-05,8
https://data.cityofchicago.org/resource/jyb9-n7fm/row-br9r_igc6-f6yp,Chicago,12428,W,2001-01-04,74
https://data.cityofchicago.org/resource/jyb9-n7fm/row-bacx_yrqg-xjg6,Chicago,6189,U,2001-01-01,67
https://data.cityofchicago.org/resource/jyb9-n7fm/row-zm4v~unss~94cp,Chicago,11749,W,2001-01-02,87
https://data.cityofchicago.org/resource/jyb9-n7fm/row-z7km.nw5e-casq,Chicago,10401,W,2001-01-03,54
https://data.cityofchicago.org/resource/jyb9-n7fm/row-kz88.rgj7_8kpz,Chicago,1346,W,2001-01-03,203
https://data.cityofchicago.org/resource/jyb9-n7fm/row-e5bd-8wiu.a9ba,Chicago,2506,W,2001-01-03,18
https://data.cityofchicago.org/resource/jyb9-n7fm/row-zbit~f3uz_9y6w,Chicago,21081,W,2001-01-04,4
https://data.cityofchicago.org/resource/jyb9-n7fm/row-kynh-625h.dgyz,Chicago,8027,W,2001-01-02,78
https://data.cityofchicago.org/resource/jyb9-n7fm/row-69s7~7vhf-pec3,Chicago,19000,W,2001-01-02,4
https://data.cityofchicago.org/resource/jyb9-n7fm/row-bcys~kiyy~5ecd,Chicago,945,W,2001-01-04,96
https://data.cityofchicago.org/resource/jyb9-n7fm/row-adu4-9a9r~sers,Chicago,10139,W,2001-01-05,12
https://data.cityofchicago.org/resource/jyb9-n7fm/row-xppx.7kb9-t58s,Chicago,2011,W,2001-01-03,136
https://data.cityofchicago.org/resource/jyb9-n7fm/row-aa9h.77n9.z8v7,Chicago,3703,W,2001-01-04,84
https://data.cityofchicago.org/resource/jyb9-n7fm/row-5ntn-j2bh-w8px,Chicago,149,W,2001-01-03,173
https://data.cityofchicago.org/resource/jyb9-n7fm/row-iib8.fxec.zibm,Chicago,3588,W,2001-01-02,84
https://data.cityofchicago.org/resource/jyb9-n7fm/row-9qaz.c5y5.kart,Chicago,2138,W,2001-01-04,18
https://data.cityofchicago.org/resource/jyb9-n7fm/row-kn9z.jvwu-3vbd,Chicago,9404,W,2001-01-04,94
https://data.cityofchicago.org/resource/jyb9-n7fm/row-kxg6-zdcp_sdja,Chicago,13157,W,2001-01-02,56
https://data.cityofchicago.org/resource/jyb9-n7fm/row-m783.5f75-n5a9,Chicago,5726,U,2001-01-01,81
https://data.cityofchicago.org/resource/jyb9-n7fm/row-w3ui-nqmq.256z,Chicago,1752,U,2001-01-01,51
https://data.cityofchicago.org/resource/jyb9-n7fm/row-2nri.5kf6~9zif,Chicago,3810,W,2001-01-03,119
https://data.cityofchicago.org/resource/jyb9-n7fm/row-ysz6.6ijh_a3ar,Chicago,8058,U,2001-01-01,53
https://data.cityofchicago.org/resource/jyb9-n7fm/row-238z-fwrf_puiv,Chicago,22647,W,2001-01-03,151
https://data.cityofchicago.org/resource/jyb9-n7fm/row-bmci_gb5v-zsf4,Chicago,2484,U,2001-01-01,75
https://data.cityofchicago.org/resource/jyb9-n7fm/row-nbkr~6nbq.5mxb,Chicago,1708,W,2001-01-02,39
https://data.cityofchicago.org/resource/jyb9-n7fm/row-nvsn-8h66-f2mq,Chicago,17345,W,2001-01-02,66
https://data.cityofchicago.org/resource/jyb9-n7fm/row-5eji_6bf3.rb78,Chicago,1832,U,2001-01-01,50
https://data.cityofchicago.org/resource/jyb9-n7fm/row-hr7s_89e7.yu9s,Chicago,11059,W,2001-01-03,76
https://data.cityofchicago.org/resource/jyb9-n7fm/row-xrwu~jbw6~56mk,Chicago,403,W,2001-01-04,202
https://data.cityofchicago.org/resource/jyb9-n7fm/row-vx6g_cnqf-9rkt,Chicago,1105,W,2001-01-04,33
https://data.cityofchicago.org/resource/jyb9-n7fm/row-skkx.8kpg_vkcc,Chicago,3140,W,2001-01-02,11
https://data.cityofchicago.org/resource/jyb9-n7fm/row-ixgh~rx97-ydmi,Chicago,221,U,2001-01-01,68
https://data.cityofchicago.org/resource/jyb9-n7fm/row-d5ye~dyvx-iav8,Chicago,641,W,2001-01-02,48
https://data.cityofchicago.org/resource/jyb9-n7fm/row-sctj.fyap.vipf,Chicago,541,W,2001-01-03,33
https://data.cityofchicago.org/resource/jyb9-n7fm/row-vgrq_qcj8-cfim,Chicago,13032,W,2001-01-04,60
https://data.cityofchicago.org/resource/jyb9-n7fm/row-9gid_idcf_v7pb,Chicago,18195,W,2001-01-03,3
https://data.cityofchicago.org/resource/jyb9-n7fm/row-ta9i-smmd.3pn2,Chicago,3567,W,2001-01-04,59
https://data.cityofchicago.org/resource/jyb9-n7fm/row-r664~jvt8-hbce,Chicago,6497,W,2001-01-02,14
https://data.cityofchicago.org/resource/jyb9-n7fm/row-dx2k-ngb4~us6f,Chicago,7096,U,2001-01-01,20
https://data.cityofchicago.org/resource/jyb9-n7fm/row-bv3u_knga-rnzh,Chicago,6603,W,2001-01-04,155
https://data.cityofchicago.org/resource/jyb9-n7fm/row-rex2.8gj5~4n3y,Chicago,10654,W,2001-01-04,80
https://data.cityofchicago.org/resource/jyb9-n7fm/row-gvrq~jzzg.sf7x,Chicago,1507,U,2001-01-01,111
https://data.cityofchicago.org/resource/jyb9-n7fm/row-7gdr~v5ix_w9dw,Chicago,4619,W,2001-01-02,54B
https://data.cityofchicago.org/resource/jyb9-n7fm/row-4vzs_f4r3~zrfj,Chicago,7337,W,2001-01-03,21
https://data.cityofchicago.org/resource/jyb9-n7fm/row-xu33_xbz6-yfrj,Chicago,4096,W,2001-01-03,73
https://data.cityofchicago.org/resource/jyb9-n7fm/row-wmx7_24p4~jj65,Chicago,6467,W,2001-01-03,92
https://data.cityofchicago.org/resource/jyb9-n7fm/row-hi6b~arix_n3cr,Chicago,723,U,2001-01-01,X21
https://data.cityofchicago.org/resource/jyb9-n7fm/row-6m5z_k7si-tf62,Chicago,3188,W,2001-01-04,11
https://data.cityofchicago.org/resource/jyb9-n7fm/row-zg54.ydpz_xmaa,Chicago,2676,U,2001-01-01,47
https://data.cityofchicago.org/resource/jyb9-n7fm/row-huwr_vhpn-9q3y,Chicago,15904,W,2001-01-02,6
https://data.cityofchicago.org/resource/jyb9-n7fm/row-hwzp~k8v5.jjbs,Chicago,13066,W,2001-01-03,62
https://data.cityofchicago.org/resource/jyb9-n7fm/row-kfin_bip4~az6m,Chicago,10676,W,2001-01-04,28
https://data.cityofchicago.org/resource/jyb9-n7fm/row-svr6_x4bw-5biq,Chicago,848,W,2001-01-02,129
https://data.cityofchicago.org/resource/jyb9-n7fm/row-a777.ztft.rdqn,Chicago,828,W,2001-01-04,85A
https://data.cityofchicago.org/resource/jyb9-n7fm/row-49qx_g767~bs49,Chicago,1208,W,2001-01-03,96
https://data.cityofchicago.org/resource/jyb9-n7fm/row-4edt-f7bx-xw26,Chicago,9009,W,2001-01-03,94
https://data.cityofchicago.org/resource/jyb9-n7fm/row-6m9d-sb4q_ha84,Chicago,164,W,2001-01-03,127
https://data.cityofchicago.org/resource/jyb9-n7fm/row-qpid~u72s_q45e,Chicago,12751,W,2001-01-02,60
https://data.cityofchicago.org/resource/jyb9-n7fm/row-ks2u_uwth-g7j8,Chicago,11900,W,2001-01-02,74
https://data.cityofchicago.org/resource/jyb9-n7fm/row-jn5n.qwg3-tzdz,Chicago,4456,W,2001-01-02,119
https://data.cityofchicago.org/resource/jyb9-n7fm/row-85z6-4eas-8mtb,Chicago,17764,W,2001-01-02,63
https://data.cityofchicago.org/resource/jyb9-n7fm/row-25xq~gq4g-ccjb,Chicago,656,W,2001-01-02,56A
https://data.cityofchicago.org/resource/jyb9-n7fm/row-uspj-mcpe.ztd7,Chicago,652,W,2001-01-03,2
https://data.cityofchicago.org/resource/jyb9-n7fm/row-8ab6~kque~8kbp,Chicago,584,W,2001-01-04,171
https://data.cityofchicago.org/resource/jyb9-n7fm/row-6req_yg6t.e7fp,Chicago,7087,U,2001-01-01,77
https://data.cityofchicago.org/resource/jyb9-n7fm/row-jxwa.5nbf-auun,Chicago,1181,W,2001-01-03,54A
https://data.cityofchicago.org/resource/jyb9-n7fm/row-isbb.5rc2~qm2k,Chicago,940,W,2001-01-03,85A
https://data.cityofchicago.org/resource/jyb9-n7fm/row-2rmp_6b45~hztt,Chicago,2036,W,2001-01-03,63W
https://data.cityofchicago.org/resource/jyb9-n7fm/row-hwuq-m528.4nrh,Chicago,405,W,2001-01-02,169
https://data.cityofchicago.org/resource/jyb9-n7fm/row-khfv-3xkt_7b4z,Chicago,6469,W,2001-01-03,53A
https://data.cityofchicago.org/resource/jyb9-n7fm/row-9chf.xup4_ckjp,Chicago,5056,W,2001-01-02,52A
https://data.cityofchicago.org/resource/jyb9-n7fm/row-8h2m-pyx3_2y6s,Chicago,4730,W,2001-01-04,119
https://data.cityofchicago.org/resource/jyb9-n7fm/row-wbux_2aht.8tb2,Chicago,5,W,2001-01-02,290S
https://data.cityofchicago.org/resource/jyb9-n7fm/row-yvfv.giyp-uqme,Chicago,17033,W,2001-01-03,77
https://data.cityofchicago.org/resource/jyb9-n7fm/row-x52y.d6jy-tabq,Chicago,4535,W,2001-01-05,7
https://data.cityofchicago.org/resource/jyb9-n7fm/row-74ws.mmhy~bv5s,Chicago,6154,W,2001-01-05,1
https://data.cityofchicago.org/resource/jyb9-n7fm/row-ny2e~7cv4_sp7n,Chicago,2424,W,2001-01-03,57
https://data.cityofchicago.org/resource/jyb9-n7fm/row-8rkt-yiyn_ieyv,Chicago,6297,W,2001-01-05,21
https://data.cityofchicago.org/resource/jyb9-n7fm/row-wkwd_qnvd-vxgy,Chicago,10984,W,2001-01-02,55
https://data.cityofchicago.org/resource/jyb9-n7fm/row-gtka~ujgg.iscq,Chicago,21184,W,2001-01-03,20
https://data.cityofchicago.org/resource/jyb9-n7fm/row-da9u.5b9v.bmj6,Chicago,8150,W,2001-01-02,147
https://data.cityofchicago.org/resource/jyb9-n7fm/row-6ekf.apyq-dw3g,Chicago,70,W,2001-01-02,25
https://data.cityofchicago.org/resource/jyb9-n7fm/row-6b49-c7ax_x5kw,Chicago,302,W,2001-01-04,56A
https://data.cityofchicago.org/resource/jyb9-n7fm/row-sumc-t5pg-bbej,Chicago,1305,W,2001-01-03,106
https://data.cityofchicago.org/resource/jyb9-n7fm/row-5gi8.yqbg_asax,Chicago,20573,W,2001-01-05,20
https://data.cityofchicago.org/resource/jyb9-n7fm/row-ix69-vhix.45qq,Chicago,10791,W,2001-01-03,55
https://data.cityofchicago.org/resource/jyb9-n7fm/row-sa76.5jff.i3dj,Chicago,1104,U,2001-01-01,53A
https://data.cityofchicago.org/resource/jyb9-n7fm/row-jg4y_scek.c5ss,Chicago,959,W,2001-01-04,122
https://data.cityofchicago.org/resource/jyb9-n7fm/row-knqi_emv8-9chf,Chicago,467,W,2001-01-05,17
https://data.cityofchicago.org/resource/jyb9-n7fm/row-kr2d-ta3q_45k3,Chicago,600,U,2001-01-01,30
https://data.cityofchicago.org/resource/jyb9-n7fm/row-ptmz-nucx_ugep,Chicago,4675,U,2001-01-01,54
https://data.cityofchicago.org/resource/jyb9-n7fm/row-fguk.2k9i_z9v2,Chicago,4563,W,2001-01-03,111
https://data.cityofchicago.org/resource/jyb9-n7fm/row-h4eh_aj4w~xivu,Chicago,2085,W,2001-01-04,39
https://data.cityofchicago.org/resource/jyb9-n7fm/row-y5ba~wqkw.gcf5,Chicago,283,W,2001-01-04,90N
https://data.cityofchicago.org/resource/jyb9-n7fm/row-sih8-g6fv-vpfq,Chicago,19379,W,2001-01-04,63
https://data.cityofchicago.org/resource/jyb9-n7fm/row-nkrp-irrq-2w7a,Chicago,7823,W,2001-01-03,47
https://data.cityofchicago.org/resource/jyb9-n7fm/row-si24-vdxu.ewcm,Chicago,3440,W,2001-01-02,51
https://data.cityofchicago.org/resource/jyb9-n7fm/row-phun-f8ka_nh3v,Chicago,16543,W,2001-01-05,6
https://data.cityofchicago.org/resource/jyb9-n7fm/row-pehd-39b8-qeyj,Chicago,1903,U,2001-01-01,27
https://data.cityofchicago.org/resource/jyb9-n7fm/row-aqbh_a6yy.w2sn,Chicago,9220,W,2001-01-03,12
https://data.cityofchicago.org/resource/jyb9-n7fm/row-qsiq-cg7d_6cgv,Chicago,4434,W,2001-01-04,73
https://data.cityofchicago.org/resource/jyb9-n7fm/row-z6pp-hufk_uvsh,Chicago,5517,W,2001-01-05,27
https://data.cityofchicago.org/resource/jyb9-n7fm/row-pwvd-tc6m-38dv,Chicago,1387,W,2001-01-02,93
https://data.cityofchicago.org/resource/jyb9-n7fm/row-y3ef~fvew~4tt2,Chicago,14683,U,2001-01-01,79
https://data.cityofchicago.org/resource/jyb9-n7fm/row-e5sg_wnhm-82cv,Chicago,14352,W,2001-01-04,62
https://data.cityofchicago.org/resource/jyb9-n7fm/row-yuqi.d6jt-tmb2,Chicago,14130,W,2001-01-03,36
https://data.cityofchicago.org/resource/jyb9-n7fm/row-acj6-ftei_aizq,Chicago,353,W,2001-01-03,64
https://data.cityofchicago.org/resource/jyb9-n7fm/row-uv7k~tpiq~292v,Chicago,11896,W,2001-01-03,67
https://data.cityofchicago.org/resource/jyb9-n7fm/row-wxrd.it4i-7dqx,Chicago,11034,W,2001-01-02,76
https://data.cityofchicago.org/resource/jyb9-n7fm/row-6vpb~f9u8~gaky,Chicago,5932,W,2001-01-02,71
https://data.cityofchicago.org/resource/jyb9-n7fm/row-h3qc-8d2s-45xx,Chicago,12005,W,2001-01-02,72
https://data.cityofchicago.org/resource/jyb9-n7fm/row-uu3b.2yyu_fbz2,Chicago,1256,W,2001-01-03,123
https://data.cityofchicago.org/resource/jyb9-n7fm/row-aiqs~a7jk-csnj,Chicago,530,W,2001-01-04,64
https://data.cityofchicago.org/resource/jyb9-n7fm/row-9viy.yjms~anw8,Chicago,8479,W,2001-01-04,147
https://data.cityofchicago.org/resource/jyb9-n7fm/row-7un3.4rz4-quve,Chicago,26970,W,2001-01-04,9
https://data.cityofchicago.org/resource/jyb9-n7fm/row-f73t.ikaw_36vp,Chicago,1842,W,2001-01-02,63W
https://data.cityofchicago.org/resource/jyb9-n7fm/row-du69.eikw-cg45,Chicago,6048,U,2001-01-01,6
https://data.cityofchicago.org/resource/jyb9-n7fm/row-xf4i_9yt2_aq6p,Chicago,7089,W,2001-01-03,34
https://data.cityofchicago.org/resource/jyb9-n7fm/row-qgdt-w3h3_d2g4,Chicago,1223,W,2001-01-02,88
https://data.cityofchicago.org/resource/jyb9-n7fm/row-qugm.yet5.8zn4,Chicago,1526,U,2001-01-01,35
https://data.cityofchicago.org/resource/jyb9-n7fm/row-rck2.r6h6-dkgw,Chicago,13299,W,2001-01-03,87
https://data.cityofchicago.org/resource/jyb9-n7fm/row-cdse-padr~x3gw,Chicago,5877,W,2001-01-02,92
https://data.cityofchicago.org/resource/jyb9-n7fm/row-yuzp-9pry-yi6z,Chicago,666,W,2001-01-03,100
https://data.cityofchicago.org/resource/jyb9-n7fm/row-yjyb-eu3g.br46,Chicago,2540,U,2001-01-01,155
https://data.cityofchicago.org/resource/jyb9-n7fm/row-4rij-dtvq-7dmw,Chicago,3312,W,2001-01-05,24
https://data.cityofchicago.org/resource/jyb9-n7fm/row-pbkn.qgts.dtbu,Chicago,945,U,2001-01-01,97
https://data.cityofchicago.org/resource/jyb9-n7fm/row-jy8a_q4fd-8y34,Chicago,209,W,2001-01-04,69
https://data.cityofchicago.org/resource/jyb9-n7fm/row-bia9.jmq6-fi9n,Chicago,515,W,2001-01-04,169
https://data.cityofchicago.org/resource/jyb9-n7fm/row-mtqr~v79a-bk8g,Chicago,7496,W,2001-01-04,50
https://data.cityofchicago.org/resource/jyb9-n7fm/row-g8ty_ux6b-yrtj,Chicago,1571,U,2001-01-01,49B
https://data.cityofchicago.org/resource/jyb9-n7fm/row-k9sq_z6gs-z5rq,Chicago,6212,W,2001-01-04,65
https://data.cityofchicago.org/resource/jyb9-n7fm/row-v7fh-8rj7_dacq,Chicago,5488,W,2001-01-02,75
https://data.cityofchicago.org/resource/jyb9-n7fm/row-tm75_9hr8~bmz6,Chicago,1365,W,2001-01-03,121
https://data.cityofchicago.org/resource/jyb9-n7fm/row-qk7r_3mm2.7mt8,Chicago,21221,W,2001-01-04,20
https://data.cityofchicago.org/resource/jyb9-n7fm/row-gfum_xg2z.6e67,Chicago,13516,W,2001-01-04,56
https://data.cityofchicago.org/resource/jyb9-n7fm/row-zuxv_w976-edqu,Chicago,25393,W,2001-01-03,9
https://data.cityofchicago.org/resource/jyb9-n7fm/row-nff9~heqi.ipaq,Chicago,5462,U,2001-01-01,28
https://data.cityofchicago.org/resource/jyb9-n7fm/row-mkek-hzg5~h677,Chicago,4143,U,2001-01-01,85
https://data.cityofchicago.org/resource/jyb9-n7fm/row-9y3j_dzp3.5bd8,Chicago,792,W,2001-01-04,172
https://data.cityofchicago.org/resource/jyb9-n7fm/row-e96y_tu4p~3ze5,Chicago,200,U,2001-01-01,81W
https://data.cityofchicago.org/resource/jyb9-n7fm/row-95zy-n85p_f38w,Chicago,14144,W,2001-01-03,56
https://data.cityofchicago.org/resource/jyb9-n7fm/row-3tpj~mi3j.zxad,Chicago,8254,W,2001-01-04,47
https://data.cityofchicago.org/resource/jyb9-n7fm/row-z42m.nz32-5rhj,Chicago,713,U,2001-01-01,112
https://data.cityofchicago.org/resource/jyb9-n7fm/row-9nhz_xppu-rmsi,Chicago,7635,W,2001-01-03,126
https://data.cityofchicago.org/resource/jyb9-n7fm/row-248p_8v69.bcch,Chicago,12428,W,2001-01-04,55
https://data.cityofchicago.org/resource/jyb9-n7fm/row-i3mw-t3b8_26zw,Chicago,17914,W,2001-01-02,20
https://data.cityofchicago.org/resource/jyb9-n7fm/row-qqrx-xwnv_x6c2,Chicago,6756,W,2001-01-02,155
https://data.cityofchicago.org/resource/jyb9-n7fm/row-tt2i_ecav-p78j,Chicago,27047,W,2001-01-04,79
https://data.cityofchicago.org/resource/jyb9-n7fm/row-rzzc~fker-e4b8,Chicago,2540,U,2001-01-01,94
https://data.cityofchicago.org/resource/jyb9-n7fm/row-hake-zke6.vias,Chicago,5109,W,2001-01-02,95E
https://data.cityofchicago.org/resource/jyb9-n7fm/row-sq4c~sya6_ms9d,Chicago,1791,W,2001-01-03,81W
https://data.cityofchicago.org/resource/jyb9-n7fm/row-4w8i_w6av~9cs7,Chicago,8273,W,2001-01-02,156
https://data.cityofchicago.org/resource/jyb9-n7fm/row-ifj6.hs84~6xp5,Chicago,5670,W,2001-01-04,44
https://data.cityofchicago.org/resource/jyb9-n7fm/row-dmpd-ypui~nvwj,Chicago,4295,U,2001-01-01,70
https://data.cityofchicago.org/resource/jyb9-n7fm/row-bcy6.jg5x_ftpb,Chicago,329,W,2001-01-02,127
https://data.cityofchicago.org/resource/jyb9-n7fm/row-wgv2-t297_2upg,Chicago,665,W,2001-01-04,123
https://data.cityofchicago.org/resource/jyb9-n7fm/row-pzz7-x52n.namv,Chicago,15132,W,2001-01-04,87
https://data.cityofchicago.org/resource/jyb9-n7fm/row-2dqp~b2vd.u7pi,Chicago,6679,W,2001-01-04,53A
https://data.cityofchicago.org/resource/jyb9-n7fm/row-9it5-czb5-hzr4,Chicago,6907,W,2001-01-04,1
https://data.cityofchicago.org/resource/jyb9-n7fm/row-tmvc.6mgd~jaht,Chicago,14784,W,2001-01-04,81
https://data.cityofchicago.org/resource/jyb9-n7fm/row-542e_dxmp~9ure,Chicago,893,W,2001-01-04,201
https://data.cityofchicago.org/resource/jyb9-n7fm/row-v7gd~ep4d-z3md,Chicago,375,U,2001-01-01,18
https://data.cityofchicago.org/resource/jyb9-n7fm/row-zpcz~mknx.xzts,Chicago,6755,W,2001-01-04,21
https://data.cityofchicago.org/resource/jyb9-n7fm/row-whvf-2pce-ez43,Chicago,4857,W,2001-01-03,95E
https://data.cityofchicago.org/resource/jyb9-n7fm/row-74fu.tmmw_hayh,Chicago,408,U,2001-01-01,88
https://data.cityofchicago.org/resource/jyb9-n7fm/row-7k2n.pwa8.fzfc,Chicago,9283,W,2001-01-03,156
https://data.cityofchicago.org/resource/jyb9-n7fm/row-efb6~bgsw-rx5s,Chicago,9649,W,2001-01-03,146
https://data.cityofchicago.org/resource/jyb9-n7fm/row-ifuj-jksz_n62r,Chicago,1961,W,2001-01-02,37
https://data.cityofchicago.org/resource/jyb9-n7fm/row-2w3s.4q8x_eqb6,Chicago,7689,W,2001-01-03,152
https://data.cityofchicago.org/resource/jyb9-n7fm/row-3fjs_tejd~tk4t,Chicago,11179,W,2001-01-04,52
https://data.cityofchicago.org/resource/jyb9-n7fm/row-qjqv-yx8v_wzr7,Chicago,161,W,2001-01-04,173
https://data.cityofchicago.org/resource/jyb9-n7fm/row-nfh2.xb7x~s2nb,Chicago,880,W,2001-01-05,33
https://data.cityofchicago.org/resource/jyb9-n7fm/row-z2jk.h3t2.whbv,Chicago,5128,U,2001-01-01,72
https://data.cityofchicago.org/resource/jyb9-n7fm/row-npjn.c3v5-8wjt,Chicago,2933,W,2001-01-03,125
https://data.cityofchicago.org/resource/jyb9-n7fm/row-aez9~t6uz~aatt,Chicago,12176,W,2001-01-04,76
https://data.cityofchicago.org/resource/jyb9-n7fm/row-ehih~3wav.g6jp,Chicago,1353,W,2001-01-02,86
https://data.cityofchicago.org/resource/jyb9-n7fm/row-fbbe.35dw-kcma,Chicago,4678,W,2001-01-03,49B
https://data.cityofchicago.org/resource/jyb9-n7fm/row-zwts_z8uz.s2d6,Chicago,8278,W,2001-01-04,126
https://data.cityofchicago.org/resource/jyb9-n7fm/row-99ts~mii3_uptv,Chicago,1462,W,2001-01-02,136
https://data.cityofchicago.org/resource/jyb9-n7fm/row-69di_zxa7.qt98,Chicago,6535,W,2001-01-02,21
https://data.cityofchicago.org/resource/jyb9-n7fm/row-g26i~h778-bx9w,Chicago,1008,U,2001-01-01,8A
https://data.cityofchicago.org/resource/jyb9-n7fm/row-mfar~c2gj.v7pj,Chicago,7900,U,2001-01-01,66
https://data.cityofchicago.org/resource/jyb9-n7fm/row-8zcq_2mxx.abf2,Chicago,381,W,2001-01-04,17
https://data.cityofchicago.org/resource/jyb9-n7fm/row-5ru5~tpa9~aav2,Chicago,16893,W,2001-01-03,8
https://data.cityofchicago.org/resource/jyb9-n7fm/row-abpy-mwye_m79p,Chicago,2777,W,2001-01-04,112
https://data.cityofchicago.org/resource/jyb9-n7fm/row-dw7v~jz4w-uwfp,Chicago,2059,W,2001-01-05,39
https://data.cityofchicago.org/resource/jyb9-n7fm/row-43zx~7mpa.7kkw,Chicago,2686,W,2001-01-02,30
https://data.cityofchicago.org/resource/jyb9-n7fm/row-rmv8~gpu5-xb3w,Chicago,8511,W,2001-01-02,152
https://data.cityofchicago.org/resource/jyb9-n7fm/row-xs6f~7geu-e9qk,Chicago,4148,W,2001-01-04,90
https://data.cityofchicago.org/resource/jyb9-n7fm/row-zkq5_rhz7~f94p,Chicago,857,W,2001-01-02,204
https://data.cityofchicago.org/resource/jyb9-n7fm/row-yyw8.hh62-sbqd,Chicago,14542,W,2001-01-03,6
https://data.cityofchicago.org/resource/jyb9-n7fm/row-6nyx.5pv5-ty9e,Chicago,2201,U,2001-01-01,95W
https://data.cityofchicago.org/resource/jyb9-n7fm/row-8hw5-p3t4.27bn,Chicago,8853,W,2001-01-04,152
https://data.cityofchicago.org/resource/jyb9-n7fm/row-mddd_jet9-j6bx,Chicago,1260,W,2001-01-04,43
https://data.cityofchicago.org/resource/jyb9-n7fm/row-r5wc.whbh_gtwp,Chicago,326,U,2001-01-01,106
https://data.cityofchicago.org/resource/jyb9-n7fm/row-e466_r4s6~hqie,Chicago,2421,W,2001-01-02,8A
https://data.cityofchicago.org/resource/jyb9-n7fm/row-srm8~t2sh_2pch,Chicago,3678,U,2001-01-01,12
https://data.cityofchicago.org/resource/jyb9-n7fm/row-jt7z.tjus-jkwy,Chicago,21114,W,2001-01-04,49
https://data.cityofchicago.org/resource/jyb9-n7fm/row-jqkf.6b3d_qrnv,Chicago,321,W,2001-01-02,202
https://data.cityofchicago.org/resource/jyb9-n7fm/row-yxaw~gq73~qbq8,Chicago,5559,W,2001-01-02,91
https://data.cityofchicago.org/resource/jyb9-n7fm/row-ykzw~iq7k_u7ei,Chicago,1523,W,2001-01-02,18
https://data.cityofchicago.org/resource/jyb9-n7fm/row-t7kw_ytfd-t2vw,Chicago,4803,U,2001-01-01,60
https://data.cityofchicago.org/resource/jyb9-n7fm/row-8hgy~f2hw~jjsh,Chicago,1130,W,2001-01-04,204
https://data.cityofchicago.org/resource/jyb9-n7fm/row-gxte-iqgr~h3ud,Chicago,857,W,2001-01-02,55N
https://data.cityofchicago.org/resource/jyb9-n7fm/row-r5se.nmvn~2r2k,Chicago,974,W,2001-01-03,68
https://data.cityofchicago.org/resource/jyb9-n7fm/row-fkbq.tnck_h3ed,Chicago,10046,W,2001-01-02,54
https://data.cityofchicago.org/resource/jyb9-n7fm/row-qt2f-7za4~dhch,Chicago,14486,W,2001-01-03,82
https://data.cityofchicago.org/resource/jyb9-n7fm/row-p9tb-5mxe~ah2e,Chicago,4268,W,2001-01-02,7
https://data.cityofchicago.org/resource/jyb9-n7fm/row-8psu~wqjw.mafp,Chicago,753,W,2001-01-02,85A
https://data.cityofchicago.org/resource/jyb9-n7fm/row-mfr9_5ew3-wt4b,Chicago,11825,W,2001-01-02,80
https://data.cityofchicago.org/resource/jyb9-n7fm/row-3khx.77zi_nth6,Chicago,15628,W,2001-01-02,77
https://data.cityofchicago.org/resource/jyb9-n7fm/row-zyff~j9e3~5eqb,Chicago,5805,U,2001-01-01,55
https://data.cityofchicago.org/resource/jyb9-n7fm/row-tg4d-jxig~a8xe,Chicago,4177,W,2001-01-04,51
https://data.cityofchicago.org/resource/jyb9-n7fm/row-jmha_qguc_ntxq,Chicago,6309,U,2001-01-01,8
https://data.cityofchicago.org/resource/jyb9-n7fm/row-ts9g.3but.enbe,Chicago,14868,W,2001-01-03,72
https://data.cityofchicago.org/resource/jyb9-n7fm/row-kgex~f62c_q6uy,Chicago,6539,W,2001-01-04,92
https://data.cityofchicago.org/resource/jyb9-n7fm/row-5hxp.z8bi-hfsb,Chicago,3071,U,2001-01-01,76
https://data.cityofchicago.org/resource/jyb9-n7fm/row-pr3d~rgv7~cxsd,Chicago,25587,W,2001-01-03,79
https://data.cityofchicago.org/resource/jyb9-n7fm/row-j5m9_zpyy_c7ds,Chicago,1870,U,2001-01-01,91
https://data.cityofchicago.org/resource/jyb9-n7fm/row-y7nb_mva8.w5ee,Chicago,69,U,2001-01-01,173
https://data.cityofchicago.org/resource/jyb9-n7fm/row-uczj.hvta_w9ed,Chicago,819,U,2001-01-01,90
https://data.cityofchicago.org/resource/jyb9-n7fm/row-2gtu.845d-283a,Chicago,4507,W,2001-01-03,7
https://data.cityofchicago.org/resource/jyb9-n7fm/row-9u6g-akb4~hsgp,Chicago,2971,W,2001-01-03,30
https://data.cityofchicago.org/resource/jyb9-n7fm/row-bqbx.gr34.n7pa,Chicago,6404,W,2001-01-03,91
https://data.cityofchicago.org/resource/jyb9-n7fm/row-j7ia-9vvf-p3yf,Chicago,5812,U,2001-01-01,82
https://data.cityofchicago.org/resource/jyb9-n7fm/row-hvf9.vyxw~c35d,Chicago,1138,W,2001-01-03,86
https://data.cityofchicago.org/resource/jyb9-n7fm/row-upwk.u2mm~h2bt,Chicago,13977,W,2001-01-02,36
https://data.cityofchicago.org/resource/jyb9-n7fm/row-8dzn-grv4-pbe9,Chicago,1352,W,2001-01-02,68
https://data.cityofchicago.org/resource/jyb9-n7fm/row-8gim.fk5x~7txs,Chicago,19286,W,2001-01-03,22
https://data.cityofchicago.org/resource/jyb9-n7fm/row-uusn-ideh~cvuz,Chicago,17928,W,2001-01-04,8
https://data.cityofchicago.org/resource/jyb9-n7fm/row-pnet-vdnm-kujk,Chicago,11569,W,2001-01-04,54
https://data.cityofchicago.org/resource/jyb9-n7fm/row-7uxa.kv7h~mu5c,Chicago,1047,W,2001-01-02,203
https://data.cityofchicago.org/resource/jyb9-n7fm/row-skzp_ersq_abrn,Chicago,355,W,2001-01-03,170
https://data.cityofchicago.org/resource/jyb9-n7fm/row-97e9_m6iv.mg9n,Chicago,3137,W,2001-01-03,112
https://data.cityofchicago.org/resource/jyb9-n7fm/row-pujb.226v_stiw,Chicago,6834,W,2001-01-02,47
https://data.cityofchicago.org/resource/jyb9-n7fm/row-7tnw-x2gr.w9rq,Chicago,985,W,2001-01-03,204
https://data.cityofchicago.org/resource/jyb9-n7fm/row-vj6p~ytzn.kdb2,Chicago,7731,W,2001-01-03,145
https://data.cityofchicago.org/resource/jyb9-n7fm/row-nsrw-q57n.tgyt,Chicago,541,U,2001-01-01,57
https://data.cityofchicago.org/resource/jyb9-n7fm/row-4ir6_3ee4_zksc,Chicago,3548,W,2001-01-03,51
https://data.cityofchicago.org/resource/jyb9-n7fm/row-yku7-r6s7_fmgs,Chicago,1831,W,2001-01-04,81W
https://data.cityofchicago.org/resource/jyb9-n7fm/row-amt7-my6q.rnws,Chicago,19299,W,2001-01-03,53
https://data.cityofchicago.org/resource/jyb9-n7fm/row-jksu.7wwp~vbfp,Chicago,8946,W,2001-01-04,14
https://data.cityofchicago.org/resource/jyb9-n7fm/row-btct-9bi2~dmvi,Chicago,601,W,2001-01-02,100
https://data.cityofchicago.org/resource/jyb9-n7fm/row-75tn.45bx-4c77,Chicago,3500,W,2001-01-02,73
https://data.cityofchicago.org/resource/jyb9-n7fm/row-ezag.bgk8.yfye,Chicago,843,U,2001-01-01,84
https://data.cityofchicago.org/resource/jyb9-n7fm/row-t7yj.hme7_kiu7,Chicago,775,W,2001-01-04,55N
https://data.cityofchicago.org/resource/jyb9-n7fm/row-4dix~brz4.spqd,Chicago,1803,W,2001-01-03,93
https://data.cityofchicago.org/resource/jyb9-n7fm/row-8azx_4nh4.yzaw,Chicago,3966,U,2001-01-01,80
https://data.cityofchicago.org/resource/jyb9-n7fm/row-i847-ucwd-qdvd,Chicago,8399,W,2001-01-04,78
https://data.cityofchicago.org/resource/jyb9-n7fm/row-iuie-9skv-zphb,Chicago,2245,W,2001-01-04,136
https://data.cityofchicago.org/resource/jyb9-n7fm/row-p5xe_mekn~b6jh,Chicago,631,W,2001-01-05,2
https://data.cityofchicago.org/resource/jyb9-n7fm/row-gtmy-i6ww~2chu,Chicago,11207,U,2001-01-01,9
https://data.cityofchicago.org/resource/jyb9-n7fm/row-sfu4_u2un-8u4q,Chicago,7689,W,2001-01-04,91
https://data.cityofchicago.org/resource/jyb9-n7fm/row-pn8v~btt2-y27x,Chicago,4485,W,2001-01-03,X49
https://data.cityofchicago.org/resource/jyb9-n7fm/row-se6f.jbha_uaew,Chicago,4979,W,2001-01-02,95W
https://data.cityofchicago.org/resource/jyb9-n7fm/row-gfs2-caw9~xq7n,Chicago,11829,U,2001-01-01,49
https://data.cityofchicago.org/resource/jyb9-n7fm/row-7gcb_hr8b~q653,Chicago,3794,W,2001-01-03,95W
https://data.cityofchicago.org/resource/jyb9-n7fm/row-6maq-rk8x-34ip,Chicago,8995,U,2001-01-01,63
https://data.cityofchicago.org/resource/jyb9-n7fm/row-erhb~tg84.hn6n,Chicago,21861,W,2001-01-02,151
https://data.cityofchicago.org/resource/jyb9-n7fm/row-ey9g-6vj2-4me3,Chicago,1233,W,2001-01-02,96
https://data.cityofchicago.org/resource/jyb9-n7fm/row-tc94-fjdv.yuhc,Chicago,461,W,2001-01-03,120
https://data.cityofchicago.org/resource/jyb9-n7fm/row-tnpt-7ty2.giyj,Chicago,5011,W,2001-01-04,27
https://data.cityofchicago.org/resource/jyb9-n7fm/row-uzya~r7ef_amfw,Chicago,1428,W,2001-01-03,88
https://data.cityofchicago.org/resource/jyb9-n7fm/row-iw7f~x52t-p679,Chicago,2263,W,2001-01-04,108
https://data.cityofchicago.org/resource/jyb9-n7fm/row-38kd~5ach-bjnz,Chicago,3215,W,2001-01-03,11
https://data.cityofchicago.org/resource/jyb9-n7fm/row-trkw-fnbd-z6h5,Chicago,8352,W,2001-01-04,145
https://data.cityofchicago.org/resource/jyb9-n7fm/row-sgbf.94a2_ite7,Chicago,7320,W,2001-01-03,78
https://data.cityofchicago.org/resource/jyb9-n7fm/row-hxex.dibi.3qep,Chicago,9845,W,2001-01-03,28
https://data.cityofchicago.org/resource/jyb9-n7fm/row-sndr-jqp5~da7s,Chicago,18510,W,2001-01-02,53
https://data.cityofchicago.org/resource/jyb9-n7fm/row-nqcz-erxh_qruv,Chicago,402,W,2001-01-03,17
https://data.cityofchicago.org/resource/jyb9-n7fm/row-xb55-a4ia_ckkx,Chicago,7840,W,2001-01-02,94
https://data.cityofchicago.org/resource/jyb9-n7fm/row-jnca.id8a.dy6n,Chicago,4061,U,2001-01-01,52
https://data.cityofchicago.org/resource/jyb9-n7fm/row-vq62~dswc.4q2n,Chicago,1214,W,2001-01-05,43
https://data.cityofchicago.org/resource/jyb9-n7fm/row-eiu7_dn67~n769,Chicago,385,U,2001-01-01,10
https://data.cityofchicago.org/resource/jyb9-n7fm/row-stf4-64tg_m86n,Chicago,19366,W,2001-01-03,66
https://data.cityofchicago.org/resource/jyb9-n7fm/row-keup~833z_e7ky,Chicago,279,W,2001-01-04,49A
https://data.cityofchicago.org/resource/jyb9-n7fm/row-s67j_i3yx.igef,Chicago,9613,W,2001-01-02,52
https://data.cityofchicago.org/resource/jyb9-n7fm/row-7isv_ysxc-ydxv,Chicago,9272,W,2001-01-02,146
https://data.cityofchicago.org/resource/jyb9-n7fm/row-8wea_5z83_ivyk,Chicago,759,W,2001-01-02,122
https://data.cityofchicago.org/resource/jyb9-n7fm/row-mgw5_8qw7~m2im,Chicago,20265,W,2001-01-04,22
https://data.cityofchicago.org/resource/jyb9-n7fm/row-r43x~av5b_fsim,Chicago,15243,W,2001-01-03,29
https://data.cityofchicago.org/resource/jyb9-n7fm/row-7rrh.ii5h~ce7c,Chicago,5085,W,2001-01-03,44
https://data.cityofchicago.org/resource/jyb9-n7fm/row-rwz5-mdpa~thjc,Chicago,322,W,2001-01-04,170
https://data.cityofchicago.org/resource/jyb9-n7fm/row-xrtj.b48b~qgk6,Chicago,21679,W,2001-01-05,4
https://data.cityofchicago.org/resource/jyb9-n7fm/row-gyki~p9yx_4se8,Chicago,1151,W,2001-01-03,62H
https://data.cityofchicago.org/resource/jyb9-n7fm/row-9dn7_h6fm~x86z,Chicago,17775,W,2001-01-04,77
https://data.cityofchicago.org/resource/jyb9-n7fm/row-rc2x~hn9u_h5ej,Chicago,14369,W,2001-01-04,29
https://data.cityofchicago.org/resource/jyb9-n7fm/row-f2w6-tqvh~2wn7,Chicago,8918,W,2001-01-03,70
https://data.cityofchicago.org/resource/jyb9-n7fm/row-bsnf-bt7q_qnnd,Chicago,2311,W,2001-01-03,24
https://data.cityofchicago.org/resource/jyb9-n7fm/row-7n6w.8u2k_dqc7,Chicago,3450,W,2001-01-03,84
https://data.cityofchicago.org/resource/jyb9-n7fm/row-23y2_dqsf~fef8,Chicago,4994,W,2001-01-03,52A
https://data.cityofchicago.org/resource/jyb9-n7fm/row-feqm_vnmd~6ezf,Chicago,1336,W,2001-01-04,106
https://data.cityofchicago.org/resource/jyb9-n7fm/row-x88n_razc_ftf4,Chicago,16697,W,2001-01-02,3
https://data.cityofchicago.org/resource/jyb9-n7fm/row-2ijz~nfu6.e5id,Chicago,2007,W,2001-01-04,37
https://data.cityofchicago.org/resource/jyb9-n7fm/row-t6ap~txz6-t2gi,Chicago,19796,W,2001-01-03,49
https://data.cityofchicago.org/resource/jyb9-n7fm/row-ujbh.q4zs.xsgq,Chicago,255,W,2001-01-05,19
https://data.cityofchicago.org/resource/jyb9-n7fm/row-pmhx-qx7r.hepf,Chicago,16642,W,2001-01-04,82
https://data.cityofchicago.org/resource/jyb9-n7fm/row-uji8-p6jz.mfta,Chicago,5497,W,2001-01-04,35
https://data.cityofchicago.org/resource/jyb9-n7fm/row-uier_px7t_vsit,Chicago,177,W,2001-01-03,19
https://data.cityofchicago.org/resource/jyb9-n7fm/row-sq7s_m3b3-2tyx,Chicago,257,W,2001-01-02,171
https://data.cityofchicago.org/resource/jyb9-n7fm/row-2faw-zf52.98hr,Chicago,3735,W,2001-01-02,X49
https://data.cityofchicago.org/resource/jyb9-n7fm/row-sj43-nwap-mypd,Chicago,670,W,2001-01-03,55N
https://data.cityofchicago.org/resource/jyb9-n7fm/row-jd2k-jiyi.9s6y,Chicago,3682,W,2001-01-04,97
https://data.cityofchicago.org/resource/jyb9-n7fm/row-wbd8-kntm.2v2g,Chicago,3083,W,2001-01-04,125
https://data.cityofchicago.org/resource/jyb9-n7fm/row-wyky_yncg~9r8u,Chicago,10725,W,2001-01-03,74
https://data.cityofchicago.org/resource/jyb9-n7fm/row-j5p5-czy7-furq,Chicago,6635,W,2001-01-04,75
https://data.cityofchicago.org/resource/jyb9-n7fm/row-c4cn~nn8p~6vsw,Chicago,6524,W,2001-01-02,65
https://data.cityofchicago.org/resource/jyb9-n7fm/row-dyeg_a2u6.gw28,Chicago,5752,W,2001-01-04,95E
https://data.cityofchicago.org/resource/jyb9-n7fm/row-kfsr.vxjy.rrfh,Chicago,13997,W,2001-01-02,29
https://data.cityofchicago.org/resource/jyb9-n7fm/row-6267~rmsp~nzvy,Chicago,22725,W,2001-01-04,151
https://data.cityofchicago.org/resource/jyb9-n7fm/row-sa77_zutz.pt49,Chicago,4355,U,2001-01-01,62
https://data.cityofchicago.org/resource/jyb9-n7fm/row-jyw8-9k9g_ftwu,Chicago,89,W,2001-01-04,25
https://data.cityofchicago.org/resource/jyb9-n7fm/row-irgg.jhnq-dz5y,Chicago,1095,W,2001-01-04,121
https://data.cityofchicago.org/resource/jyb9-n7fm/row-qx2u-yygh-28t8,Chicago,1173,W,2001-01-04,54A
https://data.cityofchicago.org/resource/jyb9-n7fm/row-2v2t_d4d9.n4qv,Chicago,5261,W,2001-01-03,35
https://data.cityofchicago.org/resource/jyb9-n7fm/row-rk24-nrmn_2i8u,Chicago,186,U,2001-01-01,201
https://data.cityofchicago.org/resource/jyb9-n7fm/row-9qh8_8bha-wjyh,Chicago,3120,W,2001-01-03,103
https://data.cityofchicago.org/resource/jyb9-n7fm/row-mafj.tu2m~w666,Chicago,4923,W,2001-01-02,35
https://data.cityofchicago.org/resource/jyb9-n7fm/row-r8q5~fvkp-w3tt,Chicago,3510,W,2001-01-03,90
https://data.cityofchicago.org/resource/jyb9-n7fm/row-rum2.ennp~ac4z,Chicago,232,W,2001-01-05,25
https://data.cityofchicago.org/resource/jyb9-n7fm/row-pi5k-rf2r.egif,Chicago,691,W,2001-01-02,120
https://data.cityofchicago.org/resource/jyb9-n7fm/row-zvyj-tm2a.w7ek,Chicago,7886,W,2001-01-03,14
https://data.cityofchicago.org/resource/jyb9-n7fm/row-yp2w-6p7b-tfka,Chicago,1734,U,2001-01-01,152
https://data.cityofchicago.org/resource/jyb9-n7fm/row-pu42~npvw-nj7z,Chicago,16796,W,2001-01-04,6
https://data.cityofchicago.org/resource/jyb9-n7fm/row-z5up-y4z7~hmmj,Chicago,376,W,2001-01-02,17
https://data.cityofchicago.org/resource/jyb9-n7fm/row-q364_2wkn.ysh2,Chicago,6487,W,2001-01-02,50
https://data.cityofchicago.org/resource/jyb9-n7fm/row-k4tq.5s39_mw63,Chicago,7909,W,2001-01-05,34
https://data.cityofchicago.org/resource/jyb9-n7fm/row-8cbk.ktwn~g877,Chicago,14646,W,2001-01-04,72
https://data.cityofchicago.org/resource/jyb9-n7fm/row-g32j.mxj7_cfiz,Chicago,10954,W,2001-01-03,85
https://data.cityofchicago.org/resource/jyb9-n7fm/row-y4sq_h3ww.z64j,Chicago,610,U,2001-01-01,11
https://data.cityofchicago.org/resource/jyb9-n7fm/row-e9kt~7acn_7c97,Chicago,7954,W,2001-01-03,147
https://data.cityofchicago.org/resource/jyb9-n7fm/row-7qr9~t4ns-u6up,Chicago,389,W,2001-01-02,172
https://data.cityofchicago.org/resource/jyb9-n7fm/row-24nt-trfg~24ar,Chicago,27956,W,2001-01-05,9
https://data.cityofchicago.org/resource/jyb9-n7fm/row-emex-szr7.w364,Chicago,7747,W,2001-01-03,50
https://data.cityofchicago.org/resource/jyb9-n7fm/row-8brb-4wvg~tn42,Chicago,3513,W,2001-01-03,59
https://data.cityofchicago.org/resource/jyb9-n7fm/row-wnv7_jzvx_bpnu,Chicago,8858,W,2001-01-04,146
https://data.cityofchicago.org/resource/jyb9-n7fm/row-9uv3_ydnx~226a,Chicago,15147,W,2001-01-04,36
https://data.cityofchicago.org/resource/jyb9-n7fm/row-m3em-k3tv_sy4u,Chicago,410,W,2001-01-03,69
https://data.cityofchicago.org/resource/jyb9-n7fm/row-zevv.tkg7-9xw8,Chicago,12450,W,2001-01-03,81
https://data.cityofchicago.org/resource/jyb9-n7fm/row-75su~9s6v~6zqz,Chicago,9218,W,2001-01-02,70
https://data.cityofchicago.org/resource/jyb9-n7fm/row-4v4r_xikd-9s4q,Chicago,4488,W,2001-01-02,111
https://data.cityofchicago.org/resource/jyb9-n7fm/row-yjnh_97d3-9erg,Chicago,9836,W,2001-01-02,85
https://data.cityofchicago.org/resource/jyb9-n7fm/row-2smb~sapb-a9xb,Chicago,7353,W,2001-01-02,126
https://data.cityofchicago.org/resource/jyb9-n7fm/row-8ftv-req3-5u9h,Chicago,2935,W,2001-01-02,125
https://data.cityofchicago.org/resource/jyb9-n7fm/row-p3fp~qtd9_w48u,Chicago,1204,W,2001-01-04,86
https://data.cityofchicago.org/resource/jyb9-n7fm/row-yy4b_i5mq_kzad,Chicago,1137,W,2001-01-02,62H
https://data.cityofchicago.org/resource/jyb9-n7fm/row-a62u-2m7w_8nqx,Chicago,6211,W,2001-01-04,71
https://data.cityofchicago.org/resource/jyb9-n7fm/row-kzt6~rt9i~9yij,Chicago,5503,W,2001-01-04,52A
https://data.cityofchicago.org/resource/jyb9-n7fm/row-5wmu-92ik_sv6w,Chicago,9121,W,2001-01-02,28
https://data.cityofchicago.org/resource/jyb9-n7fm/row-5yp3_hae3-pkp2,Chicago,19424,W,2001-01-04,3
https://data.cityofchicago.org/resource/jyb9-n7fm/row-gk43~qwgn-5kzd,Chicago,338,W,2001-01-03,49A
https://data.cityofchicago.org/resource/jyb9-n7fm/row-csax_gb3b_x8a6,Chicago,77,W,2001-01-03,25
https://data.cityofchicago.org/resource/jyb9-n7fm/row-jwz4-6u8v-97sv,Chicago,3413,W,2001-01-04,57
https://data.cityofchicago.org/resource/jyb9-n7fm/row-96w6.yst9-az4m,Chicago,307,W,2001-01-02,49A
https://data.cityofchicago.org/resource/jyb9-n7fm/row-cwfv.yn2g_2est,Chicago,9288,U,2001-01-01,4
https://data.cityofchicago.org/resource/jyb9-n7fm/row-i6hf~gn84-885c,Chicago,1564,W,2001-01-02,81W
https://data.cityofchicago.org/resource/jyb9-n7fm/row-bnie~wjg8~pbmf,Chicago,3541,U,2001-01-01,34
https://data.cityofchicago.org/resource/jyb9-n7fm/row-ktma~z4ip_qtyr,Chicago,322,W,2001-01-03,202
https://data.cityofchicago.org/resource/jyb9-n7fm/row-a84j_5xi9~83wy,Chicago,9684,W,2001-01-03,52
https://data.cityofchicago.org/resource/jyb9-n7fm/row-njhw.dzj4_njr4,Chicago,2100,W,2001-01-02,103
https://data.cityofchicago.org/resource/jyb9-n7fm/row-tq67~vmn4.bwd8,Chicago,12039,W,2001-01-03,60
https://data.cityofchicago.org/resource/jyb9-n7fm/row-mkhs.8x8n~swst,Chicago,2929,W,2001-01-02,97
https://data.cityofchicago.org/resource/jyb9-n7fm/row-btin~xwtf_vexn,Chicago,2691,W,2001-01-04,24
https://data.cityofchicago.org/resource/jyb9-n7fm/row-py4n.b2bh~4xzv,Chicago,6155,W,2001-01-03,75
https://data.cityofchicago.org/resource/jyb9-n7fm/row-pknt~whsx-aca7,Chicago,9303,U,2001-01-01,29
https://data.cityofchicago.org/resource/jyb9-n7fm/row-4gt3_hd8u-66uw,Chicago,7044,U,2001-01-01,36
https://data.cityofchicago.org/resource/jyb9-n7fm/row-vs3c_dhys~3fgp,Chicago,164,W,2001-01-02,173
https://data.cityofchicago.org/resource/jyb9-n7fm/row-xkm9~yevt_bar6,Chicago,2417,W,2001-01-04,135
https://data.cityofchicago.org/resource/jyb9-n7fm/row-y3a7_dw2z-vemr,Chicago,582,W,2001-01-04,120
https://data.cityofchicago.org/resource/jyb9-n7fm/row-krdt-ckbn.kmr6,Chicago,1251,W,2001-01-02,106
https://data.cityofchicago.org/resource/jyb9-n7fm/row-5dfz_asgc.53en,Chicago,1143,W,2001-01-04,62H
https://data.cityofchicago.org/resource/jyb9-n7fm/row-244b_9sh4.zu6a,Chicago,456,W,2001-01-02,19
https://data.cityofchicago.org/resource/jyb9-n7fm/row-mc9w.5xzc.t9i9,Chicago,1924,W,2001-01-04,93
https://data.cityofchicago.org/resource/jyb9-n7fm/row-2uy9~es9x.y29h,Chicago,3052,W,2001-01-05,30
https://data.cityofchicago.org/resource/jyb9-n7fm/row-iu6w_x2fe_xwqa,Chicago,19558,W,2001-01-02,22
https://data.cityofchicago.org/resource/jyb9-n7fm/row-dwkn-fux8-2sk8,Chicago,869,U,2001-01-01,103
https://data.cityofchicago.org/resource/jyb9-n7fm/row-v3un.mwqh_sh7v,Chicago,2522,U,2001-01-01,71
https://data.cityofchicago.org/resource/jyb9-n7fm/row-ktzn-4bum_quev,Chicago,4384,W,2001-01-03,54B
https://data.cityofchicago.org/resource/jyb9-n7fm/row-kbuv_3p9x~7mfg,Chicago,3825,W,2001-01-02,90
https://data.cityofchicago.org/resource/jyb9-n7fm/row-a276.etti_iqky,Chicago,4099,U,2001-01-01,74
https://data.cityofchicago.org/resource/jyb9-n7fm/row-beje_3xa5-787k,Chicago,5144,W,2001-01-03,27
https://data.cityofchicago.org/resource/jyb9-n7fm/row-87fe-x2jx-qmst,Chicago,4912,W,2001-01-02,44
https://data.cityofchicago.org/resource/jyb9-n7fm/row-rp8n~vcas.c6vb,Chicago,4577,U,2001-01-01,87
https://data.cityofchicago.org/resource/jyb9-n7fm/row-wr4i_v5fb_yu8m,Chicago,5461,U,2001-01-01,56
https://data.cityofchicago.org/resource/jyb9-n7fm/row-xh6r-ivz5-qk4f,Chicago,18853,W,2001-01-03,4
https://data.cityofchicago.org/resource/jyb9-n7fm/row-qrdi.z4bb_cq6q,Chicago,7799,W,2001-01-05,14
https://data.cityofchicago.org/resource/jyb9-n7fm/row-qvuj-77p7-4c6w,Chicago,5436,W,2001-01-05,35
https://data.cityofchicago.org/resource/jyb9-n7fm/row-xwjz~gfaa~rph6,Chicago,876,W,2001-01-02,123
https://data.cityofchicago.org/resource/jyb9-n7fm/row-aauq.m6g4_w6wa,Chicago,5778,W,2001-01-02,53A
https://data.cityofchicago.org/resource/jyb9-n7fm/row-pbnt.ugjs_y45x,Chicago,753,W,2001-01-04,48
https://data.cityofchicago.org/resource/jyb9-n7fm/row-pm3n-yfuy.r4sv,Chicago,2179,W,2001-01-03,108
https://data.cityofchicago.org/resource/jyb9-n7fm/row-4awv.dqs7-xkdh,Chicago,2,U,2001-01-01,172
https://data.cityofchicago.org/resource/jyb9-n7fm/row-3j9k.mijy.c9ft,Chicago,629,W,2001-01-02,2
https://data.cityofchicago.org/resource/jyb9-n7fm/row-tfwj~4vgh_8zds,Chicago,2159,U,2001-01-01,119
https://data.cityofchicago.org/resource/jyb9-n7fm/row-se4h~pc9x_ypuu,Chicago,10097,W,2001-01-04,70
https://data.cityofchicago.org/resource/jyb9-n7fm/row-9m7f_ign5~8wtr,Chicago,661,W,2001-01-03,172
https://data.cityofchicago.org/resource/jyb9-n7fm/row-ginu~wnyp.gvtt,Chicago,1463,U,2001-01-01,44
https://data.cityofchicago.org/resource/jyb9-n7fm/row-zzfe~f458-2a4n,Chicago,2353,U,2001-01-01,78
https://data.cityofchicago.org/resource/jyb9-n7fm/row-ba5e.z4qg_9fga,Chicago,1136,W,2001-01-02,201
https://data.cityofchicago.org/resource/jyb9-n7fm/row-4z9e.9y3m-m9nj,Chicago,936,W,2001-01-02,121
https://data.cityofchicago.org/resource/jyb9-n7fm/row-axpg-fbmm.sis6,Chicago,9364,W,2001-01-04,12
https://data.cityofchicago.org/resource/jyb9-n7fm/row-89f8_azhe-msv3,Chicago,1049,W,2001-01-02,54A
https://data.cityofchicago.org/resource/jyb9-n7fm/row-f5x8~fsth-xd5w,Chicago,5159,W,2001-01-04,95W
https://data.cityofchicago.org/resource/jyb9-n7fm/row-h9gp~ypp4.824j,Chicago,10856,W,2001-01-05,28
https://data.cityofchicago.org/resource/jyb9-n7fm/row-j85k.h8mm-d5cj,Chicago,4297,W,2001-01-02,49B
https://data.cityofchicago.org/resource/jyb9-n7fm/row-sgui-m38v~ajxz,Chicago,223,W,2001-01-02,90N
https://data.cityofchicago.org/resource/jyb9-n7fm/row-3jkc~tnk6~gnrt,Chicago,5089,W,2001-01-02,34
https://data.cityofchicago.org/resource/jyb9-n7fm/row-eswc~9zjp.z8dg,Chicago,12366,W,2001-01-02,81
https://data.cityofchicago.org/resource/jyb9-n7fm/row-xy7e_8nas_u27b,Chicago,381,W,2001-01-04,129
https://data.cityofchicago.org/resource/jyb9-n7fm/row-nt9x~j9ku~th7u,Chicago,14423,W,2001-01-02,82
https://data.cityofchicago.org/resource/jyb9-n7fm/row-5met.j8zf~iksh,Chicago,744,W,2001-01-04,100
https://data.cityofchicago.org/resource/jyb9-n7fm/row-t6rf-5gbm-bkrj,Chicago,16656,W,2001-01-05,29
https://data.cityofchicago.org/resource/jyb9-n7fm/row-6ci9-y2qg-9uff,Chicago,221,W,2001-01-02,170
https://data.cityofchicago.org/resource/jyb9-n7fm/row-8b88~eaq6~24kc,Chicago,4895,W,2001-01-04,111
https://data.cityofchicago.org/resource/jyb9-n7fm/row-7tqe-htfx_at58,Chicago,6326,W,2001-01-03,71
https://data.cityofchicago.org/resource/jyb9-n7fm/row-a2d2_tcz7_perz,Chicago,2035,W,2001-01-02,108
https://data.cityofchicago.org/resource/jyb9-n7fm/row-2fne.pt6n-uk8t,Chicago,15896,W,2001-01-05,36
https://data.cityofchicago.org/resource/jyb9-n7fm/row-3qcz.wszp.mykg,Chicago,9882,U,2001-01-01,151
https://data.cityofchicago.org/resource/jyb9-n7fm/row-u5ui.6rj4~hhbk,Chicago,786,W,2001-01-03,48
https://data.cityofchicago.org/resource/jyb9-n7fm/row-fyb5.4xux_8run,Chicago,1201,W,2001-01-05,18
https://data.cityofchicago.org/resource/jyb9-n7fm/row-muba.etz2-a2br,Chicago,837,W,2001-01-04,2
https://data.cityofchicago.org/resource/jyb9-n7fm/row-2nbt~v7r4~ybs8,Chicago,6809,W,2001-01-03,1
https://data.cityofchicago.org/resource/jyb9-n7fm/row-8ejg_7ngg~4p6e,Chicago,273,W,2001-01-03,90N
https://data.cityofchicago.org/resource/jyb9-n7fm/row-z3gt.rjrx~ziu5,Chicago,11753,W,2001-01-04,85
https://data.cityofchicago.org/resource/jyb9-n7fm/row-2mxf.7737_b65n,Chicago,521,W,2001-01-03,169
https://data.cityofchicago.org/resource/jyb9-n7fm/row-adeg_8sm6.3ijb,Chicago,19361,W,2001-01-02,49
https://data.cityofchicago.org/resource/jyb9-n7fm/row-h3x5~9k6u-dixq,Chicago,1571,U,2001-01-01,65
https://data.cityofchicago.org/resource/jyb9-n7fm/row-nzhn.mffd~kjt3,Chicago,161,W,2001-01-04,127
https://data.cityofchicago.org/resource/jyb9-n7fm/row-i6b5-647n_zyve,Chicago,4684,W,2001-01-04,X49
https://data.cityofchicago.org/resource/jyb9-n7fm/row-fab2_cvdd.jncp,Chicago,15,U,2001-01-01,171
https://data.cityofchicago.org/resource/jyb9-n7fm/row-cudh-3uwy~xx43,Chicago,2613,W,2001-01-02,112
https://data.cityofchicago.org/resource/jyb9-n7fm/row-5ix9~bpf5.kbnx,Chicago,2993,W,2001-01-03,157
https://data.cityofchicago.org/resource/jyb9-n7fm/row-tu7s.22hq-x8j4,Chicago,2980,W,2001-01-05,11
https://data.cityofchicago.org/resource/jyb9-n7fm/row-d65a-v85x-vnfu,Chicago,7354,U,2001-01-01,3
https://data.cityofchicago.org/resource/jyb9-n7fm/row-tabv-44ts.8d4b,Chicago,19117,W,2001-01-03,63
https://data.cityofchicago.org/resource/jyb9-n7fm/row-zn3w.4tge_bmza,Chicago,4988,W,2001-01-04,54B
https://data.cityofchicago.org/resource/jyb9-n7fm/row-hew3~4zwx.93yr,Chicago,923,U,2001-01-01,73
https://data.cityofchicago.org/resource/jyb9-n7fm/row-gyea-h5zs~pnex,Chicago,1451,U,2001-01-01,52A
https://data.cityofchicago.org/resource/jyb9-n7fm/row-kekj~xtij.j756,Chicago,6790,W,2001-01-03,155
https://data.cityofchicago.org/resource/jyb9-n7fm/row-zwhc_5c99.nrcx,Chicago,21221,W,2001-01-05,3
https://data.cityofchicago.org/resource/jyb9-n7fm/row-q7uq-hs94~ymsh,Chicago,1849,W,2001-01-04,88
https://data.cityofchicago.org/resource/jyb9-n7fm/row-xw8y-d7d2_tjz9,Chicago,1158,W,2001-01-03,201
https://data.cityofchicago.org/resource/jyb9-n7fm/row-g9iy.jaxr-6crp,Chicago,1289,W,2001-01-04,203
https://data.cityofchicago.org/resource/jyb9-n7fm/row-2bbb_a3ud.k8kn,Chicago,742,W,2001-01-03,129
https://data.cityofchicago.org/resource/jyb9-n7fm/row-h7vy_cvbg~cpw4,Chicago,1640,U,2001-01-01,54B
https://data.cityofchicago.org/resource/jyb9-n7fm/row-qbey_cmq7~9ahj,Chicago,771,W,2001-01-03,171
https://data.cityofchicago.org/resource/jyb9-n7fm/row-hbb2.jjse-7jsn,Chicago,10881,W,2001-01-03,80
https://data.cityofchicago.org/resource/jyb9-n7fm/row-rabf-tbzt_asqy,Chicago,18968,W,2001-01-04,53
https://data.cityofchicago.org/resource/jyb9-n7fm/row-icy8~heyz.46p6,Chicago,2445,W,2001-01-03,37
https://data.cityofchicago.org/resource/jyb9-n7fm/row-kxpr-dpfc_se5q,Chicago,10394,W,2001-01-02,67
https://data.cityofchicago.org/resource/jyb9-n7fm/row-m6k7~y72q.ju78,Chicago,3357,W,2001-01-03,97
https://data.cityofchicago.org/resource/jyb9-n7fm/row-j6vt~yekx~7sjx,Chicago,403,W,2001-01-03,56A
https://data.cityofchicago.org/resource/jyb9-n7fm/row-twqh~m2dz.2hdw,Chicago,742,W,2001-01-02,33
https://data.cityofchicago.org/resource/jyb9-n7fm/row-si45.cdqg-rmm2,Chicago,316,U,2001-01-01,63W
https://data.cityofchicago.org/resource/jyb9-n7fm/row-b4zq~cjcd_drxp,Chicago,19628,W,2001-01-04,66
https://data.cityofchicago.org/resource/jyb9-n7fm/row-aiij_z48j~fyp7,Chicago,8605,W,2001-01-02,12
https://data.cityofchicago.org/resource/jyb9-n7fm/row-r8x8_9sgb.j9j4,Chicago,7877,U,2001-01-01,22
https://data.cityofchicago.org/resource/jyb9-n7fm/row-9zjy~3qru~b2r6,Chicago,4855,W,2001-01-04,49B
https://data.cityofchicago.org/resource/jyb9-n7fm/row-vxgw-ew58-ruq3,Chicago,2746,W,2001-01-04,8A
https://data.cityofchicago.org/resource/jyb9-n7fm/row-re5n.pr58.vtf4,Chicago,2122,W,2001-01-04,63W
https://data.cityofchicago.org/resource/jyb9-n7fm/row-qhsw_a754~fpjb,Chicago,3454,U,2001-01-01,21
https://data.cityofchicago.org/resource/jyb9-n7fm/row-89kz_a7r5_tyg8,Chicago,1124,W,2001-01-03,43
https://data.cityofchicago.org/resource/jyb9-n7fm/row-33ps~8f2e~b3ba,Chicago,1925,W,2001-01-03,39
https://data.cityofchicago.org/resource/jyb9-n7fm/row-f4zu.2k2h.j7gc,Chicago,2063,W,2001-01-05,37
https://data.cityofchicago.org/resource/jyb9-n7fm/row-tar6.9mhi-rqc8,Chicago,6121,W,2001-01-02,145
https://data.cityofchicago.org/resource/jyb9-n7fm/row-2ua7~z7hi_epxt,Chicago,3557,W,2001-01-02,59
https://data.cityofchicago.org/resource/jyb9-n7fm/row-tgs8-wp6i-u9pi,Chicago,24965,W,2001-01-02,79
https://data.cityofchicago.org/resource/jyb9-n7fm/row-egqe~9k8d-nmec,Chicago,3144,W,2001-01-04,103
https://data.cityofchicago.org/resource/jyb9-n7fm/row-8wcz_ge83_q56s,Chicago,2052,W,2001-01-03,135
https://data.cityofchicago.org/resource/jyb9-n7fm/row-btxt-4r8b~qbav,Chicago,1379,U,2001-01-01,145
https://data.cityofchicago.org/resource/jyb9-n7fm/row-da5b_hqv5~xsvx,Chicago,3418,U,2001-01-01,95E
https://data.cityofchicago.org/resource/jyb9-n7fm/row-cbr5~jxnq-32yw,Chicago,2191,U,2001-01-01,146
https://data.cityofchicago.org/resource/jyb9-n7fm/row-xqh2.vxhb_iu5m,Chicago,6063,W,2001-01-03,65
https://data.cityofchicago.org/resource/jyb9-n7fm/row-8aej_kmgt-wpzk,Chicago,6445,W,2001-01-04,34
https://data.cityofchicago.org/resource/jyb9-n7fm/row-wvg7~kfa8~cdnj,Chicago,3803,W,2001-01-02,27
https://data.cityofchicago.org/resource/jyb9-n7fm/row-2vv7_cthg_maqy,Chicago,2689,U,2001-01-01,126
https://data.cityofchicago.org/resource/jyb9-n7fm/row-x9jn-q8js-dunh,Chicago,5813,W,2001-01-02,1
https://data.cityofchicago.org/resource/jyb9-n7fm/row-s9yn.gsut_d2rx,Chicago,2804,W,2001-01-02,135
https://data.cityofchicago.org/resource/jyb9-n7fm/row-b5w3-zpnq-7abx,Chicago,1694,U,2001-01-01,92
https://data.cityofchicago.org/resource/jyb9-n7fm/row-mn4r~8v5v~83ua,Chicago,11218,W,2001-01-02,62
https://data.cityofchicago.org/resource/jyb9-n7fm/row-edrf_anhe.7eth,Chicago,6483,W,2001-01-04,7
https://data.cityofchicago.org/resource/jyb9-n7fm/row-7kr4_e89j_mtuq,Chicago,956,W,2001-01-02,43
https://data.cityofchicago.org/resource/jyb9-n7fm/row-5awb-55kq~e5h7,Chicago,20680,W,2001-01-05,22
https://data.cityofchicago.org/resource/jyb9-n7fm/row-xrqz~9ws8_nuwk,Chicago,2989,W,2001-01-02,24
https://data.cityofchicago.org/resource/jyb9-n7fm/row-xam6-bbau.h7re,Chicago,426,W,2001-01-02,69
https://data.cityofchicago.org/resource/jyb9-n7fm/row-7cc7.smaj_cunj,Chicago,3391,W,2001-01-04,30
https://data.cityofchicago.org/resource/jyb9-n7fm/row-fzpe-5ewf.96p5,Chicago,24797,W,2001-01-02,9
https://data.cityofchicago.org/resource/jyb9-n7fm/row-mbnd~ww9z~kpgm,Chicago,305,W,2001-01-04,19
https://data.cityofchicago.org/resource/jyb9-n7fm/row-zu2d~meaw_nx47,Chicago,2213,W,2001-01-02,57
https://data.cityofchicago.org/resource/jyb9-n7fm/row-zitc.7ikm.q5ve,Chicago,3013,W,2001-01-04,157
